GOID,Topic
423968056,6
423987935,6
423991776,3
424019341,2
424018521,0
424019099,7
424026006,1
424027746,4
424041203,1
424040034,7
424034396,1
424050631,2
424092973,0
424105594,2
424094771,0
424108675,4
424148596,1
424137948,1
424153078,4
424162788,1
424235560,7
424274694,1
424264139,7
424269028,1
424283194,0
424294832,1
424322469,1
424310511,5
424321598,1
424325098,1
424333150,8
424346767,6
424366259,7
424369931,4
424365689,2
424362537,1
424363639,2
424352048,2
424351210,0
424375445,8
424374934,3
424432330,0
424419453,8
424457227,1
424436625,0
424517639,8
424591427,4
424662628,2
424656832,7
424754360,7
424842890,7
425722412,1
424852231,2
424876804,0
424927357,2
425063159,1
425140329,1
397926157,1
425130792,2
425199619,0
425179910,8
425203436,0
425253329,0
290817978,4
292018067,0
425301982,0
292028478,0
290809367,5
292037287,0
292037751,2
292036208,3
292036511,2
292077494,2
292064929,0
425350085,0
290821297,0
292038748,5
292130525,7
292129368,1
292086120,5
292147880,2
292093393,8
292094642,1
425447319,0
425435965,0
292158069,5
290858933,3
292164110,5
292196923,5
290860585,0
292120682,0
290852696,6
292121473,2
292163008,3
292203192,0
292180679,5
292148518,3
425552558,0
290889745,4
425715239,0
292219589,5
425684919,3
425698236,4
425738872,6
425722284,7
425759210,1
292205103,4
290897277,2
290893085,7
290890498,5
292295097,2
425777224,7
290910566,7
292269823,5
292256755,2
397937441,6
292317565,3
292262448,1
397955601,0
425835668,7
292297398,5
292311630,7
425821615,2
425825146,0
292335543,3
292336619,5
292298793,5
290936519,0
292384974,3
292314566,8
290925882,1
292359407,5
292344098,5
290931653,0
292369915,0
290944816,5
425915725,2
290937964,2
292405416,7
292402590,3
292331751,2
290938795,0
425930811,2
290944489,2
425974191,1
292401062,0
290955468,4
425962343,1
425958703,2
425957255,7
292436168,2
290950210,4
292358698,7
292399795,5
292312864,2
398031028,0
398038917,4
426327280,3
292536305,7
292472623,7
292486402,7
306872395,0
292463779,1
292495289,2
426394488,0
292501929,5
291002485,2
292524629,0
306866438,9
292665528,3
292509266,5
426466830,5
292502979,3
306886016,6
292704374,2
292703129,2
426477668,0
291018539,2
398002013,1
426470169,2
398000132,8
292683289,1
292485229,3
292502219,2
292535935,6
292638015,3
426516216,1
292624613,5
292557117,3
292634031,2
292650834,2
291054966,0
292601895,1
292715418,0
292621992,5
426581525,0
292618370,2
306907838,2
292605262,2
426567741,0
306917267,0
306924850,1
426612025,7
292737162,5
426646753,6
426651323,2
426649115,2
292710020,4
398100134,0
426635510,0
306935781,7
426639720,7
292686871,1
306969934,9
292736109,1
292713022,2
426664963,6
306952466,9
292703391,8
306983352,3
306989015,7
306964690,4
292679293,3
292732998,3
292827958,1
292710062,5
282423662,7
282366258,0
292790702,5
282401472,3
426746157,5
282451421,0
292801933,2
292866871,5
292860647,0
292762635,0
292898492,1
426800482,1
282428511,1
282429053,0
292859876,2
426794829,3
292865535,2
307004802,3
292874448,3
282383748,7
426824518,0
292871099,2
398098762,0
282458937,0
292886884,0
426859730,5
426857117,0
307056860,1
292778442,3
282421207,0
307043948,6
282491483,2
307084570,1
292833135,2
426875144,2
280540933,2
426924296,1
280545952,5
280504819,3
280508745,1
307080152,1
280649703,0
426943331,0
280516009,3
426940077,0
280508448,6
426931914,0
280586901,2
280513047,2
280546894,5
426977181,0
280618596,6
280654064,0
282500484,0
426978391,1
426980820,1
282610037,1
307073143,6
427013004,0
282625338,0
280720888,5
280613713,3
282517999,0
426998950,4
427052293,0
280689771,3
307125909,1
282695897,0
427115409,6
282522323,1
307132379,4
282675110,2
307130951,2
280736078,7
280751893,3
282654071,3
307135543,0
280750750,1
282724567,3
282684384,4
280742833,1
282597995,1
427171246,1
427185821,1
280833756,5
280815426,2
398098888,7
280844959,5
427256055,0
280813019,5
427252044,1
427248890,0
280830786,2
282635774,2
282614739,2
427244704,2
282604475,5
280863370,5
307143064,3
280906873,3
280968424,1
307197737,4
282570106,3
427270066,2
280821684,1
280789792,2
427329986,4
282635947,0
307193341,3
282628455,2
280759594,2
307170873,2
280865349,3
307189773,0
280914279,1
280782432,1
427368637,6
427366801,6
280865973,5
307204789,1
307185015,1
427346747,0
280896750,5
280966463,2
280912917,7
427386477,1
280886256,0
280829712,4
427439031,0
280926165,5
280849964,3
427482269,0
280918272,1
280956224,5
282699984,0
307224803,1
282764916,4
427495597,5
281001639,2
427532886,3
307292082,8
427591718,5
307285179,1
282803769,2
281007190,1
281076613,1
307296274,0
281051665,3
282824827,4
282779013,3
281056347,0
281098373,8
282776373,4
307253954,4
281058494,5
281102511,6
281054930,7
281109048,0
282719275,2
427668935,3
281115574,1
281123232,8
427660586,1
281050150,5
307267795,1
282767911,1
281104783,0
307274205,4
282856687,2
427656302,2
398199303,6
282759428,2
281141699,5
281098652,2
281142181,2
282700408,0
281092851,4
427648779,0
427644603,0
282835113,1
281111992,8
398146857,0
282749002,2
427664297,0
281043288,5
282862669,6
282752436,0
427706417,2
307270176,3
281203247,2
282858573,1
281130244,2
280973989,8
281170283,6
282863556,0
280990125,5
282739350,1
281071618,5
427684364,4
282802580,1
307307896,1
280974111,0
398136069,8
398135391,3
280964384,5
307302502,2
398132857,4
427684212,4
307297810,4
307307278,3
282786143,5
280960529,1
307283088,4
307295315,6
307294151,7
427748116,2
282934607,0
281044822,8
307337855,0
281037665,5
307281467,3
307286244,2
281078007,2
281012248,2
427731093,3
307340884,9
282779848,8
281057378,3
281177864,3
281284941,4
281183776,3
281245705,0
427775239,6
281082775,2
281066247,2
307299469,1
398151900,0
307353297,1
427754819,4
282941398,2
307296667,2
281069886,4
307323400,4
427809463,4
281101493,5
398150928,6
281092797,2
282992443,7
307308965,4
427793888,4
281065736,3
281081430,3
281123918,3
281099907,0
398206985,3
281105056,2
427786332,2
283002978,8
427843976,0
283026732,2
282819911,1
307360363,1
307351941,7
281104668,2
281211053,0
398175406,0
307327007,2
282973277,2
281254848,5
281205745,4
281195494,7
281201785,0
307308762,1
281207207,2
307330008,7
427919537,0
307316475,2
281238321,3
281288291,8
281290881,5
307296456,0
281267505,1
281268478,6
281316225,0
307361385,1
283065125,0
427925645,4
427981542,2
427980986,2
307368592,1
281354326,7
283039641,1
281326027,3
398300677,2
398205691,3
281242291,5
281390990,3
283103063,1
283049012,0
428027161,1
281364410,5
307398041,0
281352200,2
428003796,4
307382044,2
282955653,4
281213214,6
307378284,4
428029510,1
281408539,1
283164859,1
307369946,2
398207025,8
281307555,3
283142239,2
307382838,2
281253407,0
281328746,5
283116893,0
283086835,1
307365535,3
307361866,0
398301645,1
428073625,1
281474797,8
398227485,2
281448162,0
281345870,0
283178249,7
283258577,1
282913440,6
281435046,0
428069503,6
281348305,0
283000983,2
283144796,5
281262355,1
282886383,1
281424438,6
398204926,5
281416910,3
281420575,3
281387009,3
281388522,5
398315673,3
281428824,2
281509938,8
281412235,2
428113056,2
281406231,1
283093211,0
281491325,1
398208937,7
281468180,0
281448077,3
281302466,2
281367882,5
281301382,7
283105540,2
428125533,2
307390379,5
428121373,0
398213334,2
398212403,6
307414197,0
307413792,1
307403417,6
281458474,0
281492303,2
281455975,2
281322544,5
283065364,0
283008147,3
281394736,2
281393328,1
398298803,1
307432866,2
281385884,5
281360672,7
281353290,0
398235564,4
281370559,1
283166949,0
281448227,4
307415859,3
281348383,1
281329928,2
281455055,2
281424193,3
281389351,3
307422008,1
307459251,4
281504201,5
307446241,0
307453881,5
281482671,5
281441810,7
281435549,2
281479027,5
398269756,1
281473180,2
281412508,5
281397091,1
307428975,2
281399554,5
428223345,1
281568707,0
281513778,1
398259109,5
398220672,3
398314368,1
281490053,1
281503461,1
307463669,2
428208610,2
281498011,1
428194058,7
398348437,2
428186454,0
281452894,5
398334339,5
281529036,5
307458271,5
428183143,2
281483396,2
283137325,2
281467303,2
283183820,1
398259181,2
281490061,3
428254349,2
307449082,4
281582693,7
428252313,0
281567241,0
281553042,3
307433467,5
307442391,3
281481372,4
428232164,0
428230556,2
281543510,5
428282920,7
307457389,4
281439077,5
281511667,0
307452712,6
307485149,3
281622175,3
428281951,1
307440640,0
281491883,7
283378674,5
428275280,7
307460931,1
307452970,5
281492762,3
281620717,5
281522993,1
283274556,4
307489544,0
281607867,6
281610215,0
283164347,0
283120081,0
307512286,0
307471714,2
307457233,2
281630431,2
307457165,2
428370761,1
283192151,0
398246571,7
307470640,1
398252051,4
398334378,6
428367487,1
281518935,1
281512121,4
307481415,7
398241649,3
281525983,3
281526299,3
281559695,6
428348642,4
283404630,8
281495397,2
307481283,3
281507077,8
395225552,4
281579075,3
281772750,7
281678562,3
283278029,2
307513580,1
307497676,1
281601866,5
281662144,2
398359799,3
281527023,3
428392635,1
428389071,4
307518882,6
281503844,4
281588609,7
307498624,4
283259407,2
428386585,4
428386448,3
281580307,3
281713106,8
281515378,1
428379520,7
281682875,3
307496805,3
281700297,3
281594599,3
307516256,3
307499124,1
398262209,2
281808289,2
307492133,0
428428884,4
307526539,3
307535858,1
281534993,6
307490599,4
428416502,4
281591756,3
281645931,6
283259554,1
281597581,4
281842621,5
428412448,4
307486859,1
428407523,1
307489707,6
398301881,5
428475842,7
281550878,2
281636867,3
281658874,1
281540575,3
281648729,5
307514226,2
281660766,6
281659026,2
307535843,5
281720693,8
281648887,3
281630332,5
281654296,5
281624630,5
281624771,6
283305831,0
428448657,4
307537914,6
281723289,1
281624505,5
281754031,5
283196898,1
307535423,2
428510551,3
307519259,9
283141429,5
281676869,6
281654061,5
398388714,2
281653614,3
307539751,6
398277308,1
283259450,1
307529169,4
428511896,1
398279112,6
281648964,1
398314370,6
307507569,6
283176089,4
428495456,4
307537221,4
283174639,4
428492123,4
281664675,3
281550217,5
281637310,8
283249431,2
283243578,6
307516473,4
281706842,6
307508196,4
281533488,2
428532185,3
428534846,2
283232749,2
307529595,8
281691069,0
281683641,6
283372981,5
281724308,0
281724208,4
428526849,0
428488043,5
283154638,0
281678557,5
307544827,0
281712588,5
398333714,2
281753636,4
307557227,8
283314726,4
398262730,4
428566639,4
281758311,1
398284696,3
283308708,2
398313362,2
283224658,4
283228057,1
283233701,2
428553396,1
307507517,4
281656771,1
281697068,4
307504755,8
281722898,2
428554183,6
398275314,4
281685507,0
307501186,2
398305463,6
428546389,0
398349330,4
307527660,6
283300485,8
281730483,7
307531241,3
398348423,2
281735280,0
283223485,6
398400307,8
428575457,4
281780273,8
283293705,2
281666615,2
281801797,5
281825179,3
281749862,2
428641710,4
283265945,2
281758564,5
307575836,6
307550353,3
281793278,2
281778972,5
398294678,6
281814959,1
283312091,0
281708987,2
281856358,6
428679053,5
281675752,5
428676170,1
281747965,5
283273411,3
398295967,4
281781114,8
398348363,6
307544728,4
281796465,3
283317253,0
281870572,5
398390740,4
307540420,6
283292545,2
281835131,2
428661413,6
281754452,1
281787431,7
428672617,2
307528452,8
281788618,1
283452144,2
283258735,2
428668897,4
283310234,2
283380864,4
281716003,0
281728368,2
307557981,4
281721243,8
281799830,7
281695900,8
281775230,0
281688549,6
281688041,6
281687895,2
428709839,7
283420306,4
398362206,4
307551856,8
281842763,3
307582312,3
281827053,4
428745091,4
281688712,3
281817427,2
281814675,6
283303667,6
283395191,4
281726720,6
307544910,4
281868566,2
281868739,5
281864189,6
281714630,6
283333370,2
428788501,5
281820535,8
283340142,0
398298195,4
281777696,3
281839208,8
281828637,1
398354611,1
428805635,2
281781054,7
283324698,7
281842662,5
1729544420,3
428816356,1
283357070,1
281755904,1
307604350,1
281814076,6
281841683,2
307600644,2
281841810,3
281826558,1
283400819,4
281813410,1
281806759,3
281800747,1
281851713,3
281793370,2
281740602,2
281971826,2
281842600,5
307608678,5
283420392,0
281817260,1
283386023,4
281843856,2
281911126,7
281907450,2
281895784,3
281881771,5
307575904,5
428874924,2
307582931,0
428872572,4
307598635,4
398311700,2
281878432,1
283407469,0
398330931,6
281878297,4
281916326,2
283377285,0
307616640,6
281874794,2
283403684,6
281900419,3
281817966,1
283401463,7
281916498,2
428924565,6
307623284,2
398318999,2
281901701,6
281880803,5
307618614,6
428925692,6
307633188,4
428921558,4
281888223,2
307602080,3
281883093,2
281870521,5
283437663,2
281871737,6
281877427,6
428918424,4
398307132,6
307597491,2
281863015,4
281959859,8
428900303,1
283452309,0
281862479,1
283516762,1
283514434,4
281914248,8
281922142,1
282001280,1
281917790,1
281917622,2
307592556,8
281892171,5
281910424,3
283435665,3
281969212,1
281971762,1
428996176,3
281928023,3
283438534,1
282014506,3
282014424,5
398348173,5
428980126,5
283483387,6
281906234,2
283430023,7
281981696,1
281835400,5
283412296,0
307616171,1
283461398,1
428968315,1
282015238,1
282025536,2
428968686,1
282010098,1
282011132,5
281988463,1
307610633,4
281972022,5
307620820,1
281974093,3
283462763,6
281923863,8
307608077,3
283480815,6
281981456,5
281978046,5
428957844,5
281900334,2
282001940,5
281899742,3
398344469,5
398428770,2
283552266,3
307616871,5
281950021,1
281933599,1
428955063,5
428956040,1
428942951,1
281824421,3
283500554,5
283501758,1
281928690,3
281909200,3
281904616,2
429039631,4
282018546,1
282016823,1
282017071,1
282072246,5
281992918,5
307628306,6
307624438,4
398361122,3
429039824,3
282033205,5
282053581,5
283475229,8
429032780,3
307627459,3
307645425,8
282015971,3
282054539,5
307640240,4
281968917,1
282095823,3
307625414,5
281991524,2
398331383,1
282027945,2
429001761,1
398314378,3
283461584,2
282028495,1
283433789,0
282061232,0
282060644,2
282017399,2
282058050,2
429013357,2
307631727,2
282045155,2
281930814,2
282041372,5
281990820,5
281938107,4
281961234,4
282028723,5
283499718,4
398461250,8
282012653,0
307654629,4
282002899,7
281998837,4
429059820,1
283527966,0
282009885,1
282066136,5
282075488,1
283482971,8
283484361,8
281981280,6
283467929,0
282006825,0
307630300,9
307674246,7
282129656,5
307652293,9
307636948,6
282035532,3
283499975,3
398339250,6
307641098,8
282125643,3
429181383,4
283582481,3
282166837,5
281986904,3
307668052,2
283573469,0
281983181,5
282036629,7
282113758,7
307650591,9
282015278,6
282015512,6
282015793,6
282050396,6
282114488,6
282101620,6
282067668,3
283599045,1
283559803,2
282018622,5
281963118,6
1851720157,5
281940046,7
281954237,5
283539341,0
282013649,0
282048460,6
282108359,5
307673356,2
395214646,5
307693263,8
283602382,8
283538639,8
283582352,3
398454570,2
307671635,4
282005647,5
282173759,5
282139659,8
282136869,7
283605440,0
282052409,3
282095023,1
307710185,8
398348618,2
282121945,2
282041736,5
283524234,0
429312441,0
307689092,9
429309465,0
282105810,0
307711466,4
282138151,6
282130415,8
398345428,3
282035703,3
307702933,6
282266439,6
282119264,8
429378525,6
398373066,1
307696841,9
282104155,5
283625755,4
307706774,5
282115451,1
429359903,3
307696813,5
307692681,6
282127576,0
398373429,8
429344955,5
282048053,2
282104878,3
283637345,4
282180447,3
307691063,1
307725029,2
282106057,5
283614419,3
283668352,1
282187336,2
307716208,1
398400766,5
307716597,3
282248738,1
282141300,1
282210418,3
398379364,3
282137655,3
398362029,7
429391891,3
307697901,1
282134226,1
398360213,2
307699482,4
283627473,2
307704118,7
398354917,1
283643070,0
282177904,2
307710403,4
282138375,1
283709282,2
282139250,3
282236087,3
307704209,4
283678516,1
282228218,3
283668126,7
282176314,0
282177088,3
283717668,2
282199254,3
282209319,5
398381723,5
283701207,0
283651152,2
283674292,1
307727844,3
283781018,0
283694601,1
282230633,2
282245456,3
398390370,1
283789468,2
429473616,0
282203570,8
282194548,1
307731158,6
429461998,5
429463324,7
282205008,1
429458930,4
398381310,1
282230232,3
429719117,5
398532189,6
398424701,6
282221505,7
398519697,1
282210754,5
307729324,3
282291292,7
282269518,8
398384202,6
429691587,7
282314034,4
395190286,0
282272322,1
282311355,5
398395592,1
307746695,1
282271835,1
282245407,3
429761416,1
307773409,1
283791144,0
282305361,3
307778091,4
429753730,0
283778044,2
282265612,0
398411150,4
398384338,4
282242032,2
282199920,2
282319638,4
283768872,0
282239371,5
282357283,5
282295173,5
398403424,0
283795869,6
429793236,2
282284742,2
282358249,3
429779968,0
307773835,9
307763302,1
283777993,2
398503756,2
282351422,2
282280505,7
282349306,7
283774976,5
307797438,5
282336987,5
398411714,4
429771136,3
282254725,5
282312960,6
429764738,2
282304232,1
283774830,1
429760787,1
307759949,7
282345419,2
429799742,2
283692841,5
282258658,2
283686833,5
283894775,0
282344690,0
282340527,2
282337113,1
282318478,6
282331488,5
307784259,2
282297285,2
307759542,1
307762038,3
429819038,0
429815965,7
307797221,6
282307563,3
282362257,7
307760463,0
283917523,7
307816312,1
282384321,5
282395415,3
283929369,7
307798664,2
283721858,8
282368520,5
282334009,6
307792926,3
282347011,6
292942060,6
292960755,6
307803629,6
283711598,2
292940893,5
292935091,3
307823938,5
283941665,6
283779940,7
398450358,1
307786086,1
429882789,7
307799301,2
307779968,2
307781675,2
292792524,3
292790060,8
283735747,2
307766604,7
292983235,6
307804400,9
283785911,8
307834052,4
398426419,2
398405989,4
292963901,6
292947944,3
292897310,3
292857114,0
292872001,8
307811245,4
398451457,1
307806285,6
398465204,8
293011522,0
307768190,8
292996937,8
283785826,4
292970123,8
292878538,6
292874834,6
292878475,8
293034602,6
292993162,8
293017619,6
292847631,1
429969018,4
293022201,2
283854436,4
398556012,4
293017507,6
283878641,4
283848681,0
429944094,0
398421599,4
292972675,3
293014624,7
292979114,8
283898399,2
292967064,6
283875206,1
307794762,3
429989856,3
292933448,3
307820342,5
292935721,5
398423106,3
283877685,2
307816055,4
429982985,2
283886146,3
292883362,5
307786163,7
307838598,5
398415561,0
429969420,3
293000452,1
292906705,5
292921582,6
307784256,4
292909988,6
292908319,0
292929332,4
292930877,5
307846885,2
283921061,2
398432305,4
430018347,0
307799838,4
292904957,5
430013080,1
430014917,0
292962411,0
283834595,6
307798699,1
430017321,2
293004297,2
398422127,1
430010897,0
293023006,5
293027789,5
307817754,2
307817650,0
307844987,7
292928316,0
430012910,3
292957226,6
283933817,2
292929689,5
429998639,1
398409825,8
292971284,6
307835046,1
307856075,7
307838860,1
292998592,3
307813461,8
293016468,3
2015283316,4
398468417,5
307864442,5
398485189,6
398449801,3
398446151,6
430067951,1
307836391,2
398570706,1
430061092,4
307853409,7
293089578,4
430043157,4
283864506,6
293045111,5
293003375,4
398491913,4
398439388,6
430039951,2
430043425,4
307820847,1
307857248,9
430098883,2
430103599,4
430101811,4
283961207,4
293127330,4
307875111,4
292975604,2
430097720,4
307854394,0
430096875,3
430096453,0
307861665,9
283925826,2
430096932,1
398470730,6
293113893,5
430095491,2
398448361,6
283909540,8
283912302,0
307859161,4
283955816,3
307857143,9
283908304,0
307866926,3
293078714,4
430083765,5
307850615,2
283961875,2
283920309,6
430073525,0
293115850,5
307842951,3
398456888,2
293099715,7
293081595,4
398425592,4
307801318,4
430071338,4
307848699,4
293040142,4
293091563,5
293078301,5
293030589,2
430084568,0
293070835,2
430111006,0
293207171,3
398579840,6
398432909,4
283972451,2
398549511,0
307871587,4
293178904,8
293172506,0
430130857,4
398487398,1
283934358,8
293144786,4
283900805,8
293060922,8
292993968,8
430140068,4
307862153,2
430140701,4
430133738,1
293055264,8
283874780,6
307805368,0
283927933,4
307856210,3
398447704,3
293047613,3
283918183,6
293036719,4
307878421,1
283940115,1
293117420,6
430128399,4
283936511,0
430124279,3
307831993,4
292949706,2
293084996,0
293095811,8
398467962,4
307878837,6
307821844,6
398451165,6
283949596,2
398576295,8
307859672,9
293175291,5
293170648,5
307878924,4
293169165,6
293069965,6
430166862,3
283968423,0
430166788,4
430175317,1
430168738,4
283938395,6
307885702,6
307813561,2
283962327,4
307866862,8
307864988,6
293139399,1
307811784,9
283946944,1
430158799,3
307824599,7
293140473,4
292980999,2
283928201,7
430155612,7
283994119,8
293172297,1
283955247,2
398451723,4
293055525,8
293097293,6
293115883,5
307839535,0
307839466,6
398564010,4
283958903,4
283969953,1
293236270,2
307880975,4
283980321,8
307833338,4
293037078,3
293036911,6
283935748,4
283972289,6
398577733,4
430200022,6
430200397,4
430196559,0
293027451,5
283969041,2
293067987,5
283952839,3
283967935,3
430192477,6
293060052,1
307829233,1
283960106,6
283926288,5
430198034,4
293222850,1
307869564,6
398590434,6
283975663,2
283977586,0
307897659,1
430254591,2
283978667,7
307897574,6
293128729,0
283975649,2
283975679,3
293119660,6
293085808,1
283975042,6
283967345,2
293201709,7
283969236,6
293062710,8
430252610,0
398467861,4
307870467,9
430244563,1
398484392,4
283966555,2
430242513,8
293141979,8
283965721,0
293224548,1
293315765,6
293099962,6
283963280,5
398453684,5
307837631,2
430232853,5
430233133,4
283979364,0
293248538,8
293287210,4
398493754,5
307896598,2
307890935,4
293193749,1
430291261,4
307842703,4
430304034,0
293161130,1
430289559,4
293149179,3
293145470,6
398614545,4
2030867869,3
283968018,4
293036332,3
293120100,1
293041004,3
283984736,0
430268309,7
293035150,3
398558026,2
430267040,2
293084087,0
283985865,4
430327642,0
284001918,6
293157116,5
293186156,6
398610249,2
307855829,7
293102460,7
284009322,2
430300198,7
293098821,3
293069596,2
307852491,7
398558917,1
293273945,7
283986115,2
293202319,4
430326003,7
293057392,7
283983144,7
293208944,7
283979589,7
398500529,2
293087281,4
307915814,1
283977855,2
307854973,0
293176946,2
430380503,0
398524886,8
307871111,7
398496115,0
430361104,2
293133749,0
293092531,1
284017862,6
293121298,1
293131543,1
307861385,6
293083586,6
307857361,4
293208524,0
430332811,4
398499399,6
307853514,7
293082872,4
430328751,4
307851357,7
283990057,2
430417275,4
291073522,7
293146263,6
293211391,3
291071667,4
430410313,7
293158332,8
293103607,7
293107353,6
291079294,7
293125814,0
293134581,0
293128253,4
307850828,4
293198127,6
307915822,6
291087125,3
430435992,0
293309532,6
430466197,2
291079784,8
293273371,1
430433629,4
291080483,2
293165401,4
293261723,5
293205896,3
293175006,3
293229330,4
293228554,3
398494290,4
293201675,3
430498843,0
430511309,4
291100444,0
291098721,2
291097612,8
291100122,0
430484311,0
430476331,0
398683443,4
307923257,0
307918934,7
293366828,3
293266500,5
307916747,4
430463091,4
293355274,6
291085676,2
307928298,4
430461606,8
293208901,0
293295828,5
430495454,0
430494225,2
291106589,2
291092194,7
293287932,1
307919996,7
293364660,0
307919634,4
307934946,4
291101441,2
293199131,1
293262146,6
291095845,6
293192324,6
307931372,7
291094123,2
430516390,5
430503601,3
291094032,7
307931310,7
293363637,6
398546134,4
307951984,4
293237157,7
293248241,0
430530404,4
430512872,6
307948215,9
291109657,7
293270845,8
291107146,6
430514497,8
430511250,6
398682997,6
307941388,6
291107523,6
398570877,6
293216040,6
293400524,0
293299803,5
293269202,5
307891233,2
293280718,0
293383598,3
293408114,1
293342718,1
291119488,7
398515570,1
293329292,7
430537542,4
307931086,7
307939313,4
430542208,7
291114417,7
293330637,3
293261811,0
398480466,4
291129224,4
293331632,7
291124189,2
293405009,1
398517939,6
430572168,7
430574980,4
291128274,0
430570009,4
291128340,5
293330730,6
293320125,1
430570117,1
293323344,8
291124820,0
291136907,0
430566627,0
293317249,6
291121705,5
307959946,7
430604389,0
430603575,4
293307042,4
291131375,3
291128594,6
307975016,4
293304920,6
398502189,3
307963819,5
291142440,2
430592775,3
307897253,2
398510705,3
291146776,7
291144320,1
293409346,6
291149812,1
293404226,6
293337461,1
430607573,3
293402715,1
293364387,1
307958862,4
307918187,6
293403057,1
291149193,6
293367838,1
430632033,5
430625543,8
398531317,2
291158647,6
430635338,6
307915530,1
293424182,4
430649654,4
291145786,6
307989214,1
293364887,5
430626359,4
398522950,3
293459072,6
293384270,6
293377444,3
293414749,4
293478893,0
398526185,4
291157200,2
293373607,0
430658484,5
430655844,0
430659362,0
307998394,2
293380759,6
291148537,6
293353097,6
430688617,4
307978970,0
430685158,8
293543556,6
430684405,4
307976291,4
291167529,3
293402313,3
430673243,2
293513412,8
293398346,7
291170774,0
293388851,5
291180863,0
308014047,6
293528207,1
307991151,4
308003622,2
430695924,6
293522344,5
291178086,6
293547560,3
293425773,6
291200516,0
293480054,0
293398153,3
398720911,2
430709467,0
430715186,4
408286043,4
421121717,5
430702381,1
430708750,0
430711801,0
418197009,5
408317024,4
418183477,4
421210100,6
421194024,7
408316970,0
430726656,0
421101016,3
421104252,3
421072592,0
430721316,3
408298007,1
421075250,3
421152876,5
421269273,2
421088605,5
430737264,0
430737336,1
418311709,0
421278224,2
418307681,0
430734951,3
408290858,0
421166247,3
421153861,5
421099729,1
430755778,0
418284753,0
408313094,6
430752925,0
421193400,5
408315513,4
421185573,1
398763893,6
408315574,1
421150458,8
398555412,6
418282960,1
430748506,6
418297098,2
408309485,2
408311242,3
421252934,0
421171374,4
421171156,3
408302838,2
408307476,9
418323562,2
418326916,6
421128928,3
421316659,3
421111804,1
430769295,5
408330093,8
421257078,5
430770213,3
418253929,2
421199805,7
430790338,4
418380106,5
408322387,7
430789242,7
430783952,6
421119503,3
421251093,5
421146024,5
418356201,2
421138027,3
421141003,5
421138099,5
421196926,2
408310307,2
430779613,7
421132803,8
421131158,1
430775820,2
418351871,0
418311817,2
398556532,0
430808652,6
430813470,4
408330473,6
421189769,0
421146296,8
408325043,6
421332495,6
408325232,0
421199392,1
418394765,4
421213391,1
421157152,3
421204020,2
421185292,3
421319210,5
421171125,6
421169411,6
421306904,4
408338970,0
408337963,5
418446096,5
408319935,3
408325909,9
421252649,0
418471943,4
408333300,4
408323808,3
398798721,1
418347549,2
418324285,7
421315535,5
421335490,1
421191115,2
418505163,0
430863441,7
430869525,0
421240879,7
408335480,0
430894100,1
421294306,1
430887841,0
408353921,0
2100799846,3
2100798323,3
430908339,3
421392115,0
421339721,1
421195936,2
421221739,2
408346270,6
408365083,1
418540390,2
408341927,8
421437498,2
408361819,0
430922762,7
421269675,0
430924911,4
421367086,3
408346947,7
421253687,3
421226472,5
398597754,5
408340962,3
430919255,3
398721909,3
408354832,9
421245836,5
430944001,0
430939430,6
421392692,5
430938930,0
430934605,6
418475413,1
430935045,0
421384829,0
421256090,3
398609959,1
430966242,7
408362265,6
418460205,2
430957321,0
421250669,6
430958278,4
418574027,4
421394009,4
421398699,2
408384479,4
398649105,1
408390876,5
421391405,7
430992222,2
418586942,2
418689027,0
418499729,0
398711131,7
430973771,8
421436166,3
421299370,0
421249508,3
421248549,1
398618922,1
418467119,0
421282796,6
421262927,8
421409367,3
430998156,0
431002109,1
418620506,5
418618342,5
418488683,2
418615792,3
421428260,3
418622378,0
430999367,3
408375384,8
421297711,8
421273805,6
430993090,3
430992524,6
430990673,0
421332368,2
421284632,1
421282930,2
421407612,5
421283800,5
421402176,5
430983518,7
398683782,7
418649416,0
418637631,2
408381441,6
421413935,0
421266386,1
421332431,3
408388997,8
421483767,5
421304469,6
421485136,8
109846173,3
421440540,3
431028802,7
431031062,3
421318254,5
421316404,2
431024573,0
408381042,0
418634959,0
418652014,6
418651346,3
421446287,1
421291521,3
421306622,5
408399361,8
421302045,1
421296115,1
421441846,3
408386952,4
431046611,7
398829912,6
421282447,5
421284191,6
2100384103,6
2100384262,6
398618644,1
421317690,3
418718602,2
421305990,5
408390110,0
421347827,3
431063805,3
421316122,0
421453991,6
398638271,4
421478396,4
431068734,4
421316722,6
421314883,0
398742677,2
421347873,6
421472896,0
421469471,1
398630508,4
421341218,3
408408346,0
408406749,0
421317476,5
421334965,1
398831784,4
431065560,7
408395969,8
421447253,3
408408959,5
431092472,0
421445782,3
398712835,4
398705458,6
421361373,5
421450625,5
408422578,0
421363336,0
421479015,7
421493784,2
421345839,7
421322708,5
421476940,1
408413923,6
421493823,0
421466210,8
418739893,0
408407525,3
398646939,3
431121667,3
421334688,5
421356327,1
431106217,0
398651867,4
421497189,5
421387214,5
418788770,0
431111700,6
421490964,3
421348584,3
398674045,1
398716480,1
421338685,5
421373087,0
421518365,5
398662136,8
421366470,2
421339748,7
421453337,3
421546494,3
431123101,3
421384038,3
408428648,3
421513984,3
421367512,0
398755175,3
398811544,4
408443780,8
431145174,3
418856259,0
431153540,3
418880466,0
418852127,6
431144743,2
421488031,0
421419972,3
408448545,2
431144977,7
421541621,3
431138717,4
431138614,0
408450010,7
398640116,3
398649702,7
431152640,4
418881006,0
421558422,0
431151682,1
418842373,2
421523984,0
421523923,0
398674294,1
398639731,8
398654718,8
421358283,1
421504796,1
421378880,0
421533218,8
408472694,3
398781969,7
431167750,2
421363202,5
398681520,3
431170988,2
421479713,2
421357798,1
421541126,8
421386642,5
421379890,3
421373833,0
398669539,4
408443584,8
418976380,2
431178283,0
398718138,1
421532588,0
431176198,0
421401546,0
408477822,0
431176167,5
398669626,1
398729003,0
408465277,8
431196241,0
431195856,7
2109621229,4
421550739,0
398817804,4
431195255,4
431191999,7
398848407,7
421544402,7
408507562,4
398684528,4
398684190,3
421386587,3
398676922,4
408489025,1
421377939,0
431187510,6
418768609,2
431175813,3
408472519,9
398662486,1
398742303,7
431211263,0
421433083,0
408496460,7
431211690,2
418798522,2
398728627,0
431208504,7
421392898,3
408507519,2
408529810,8
408509881,9
421380780,3
421565335,7
398668459,1
421550696,5
398834384,4
421419910,5
421578565,1
398664881,4
431225849,1
421400466,3
398681119,4
421418772,3
418916305,6
418836891,5
408501945,2
421396848,0
431215250,4
398698923,4
398698818,1
421427004,4
418874984,2
398863258,1
431234206,0
408507193,7
421418795,3
421540767,0
431241638,3
418933725,0
398696673,4
398730835,4
421521577,2
431234244,7
418902011,3
421435501,8
398673780,6
398731101,4
421480217,7
421584819,3
431269510,7
408540201,6
398731180,4
421427943,3
398682080,1
418987198,0
408524779,2
408518400,7
408516166,7
408563987,3
421455698,7
418906827,8
431295723,4
431290448,7
408549388,3
408542248,3
398743772,4
398703221,4
418982055,6
418939959,8
398746319,1
398697004,3
408582580,3
398732489,4
398689525,1
398690123,1
421444983,5
398851283,1
398685410,3
421428666,3
421495459,3
421613380,2
421459572,2
398819851,3
398709431,4
431328199,3
421467172,0
421454938,3
421613457,4
398702015,7
418958364,8
398720864,3
421491678,1
421493090,3
408583653,1
421621878,3
421499672,5
421493718,5
2109466788,4
2109470127,3
2109470906,1
431366071,3
421493004,3
418946333,7
408596816,9
421625195,0
398708850,4
421606538,1
421614867,5
421469645,0
431396334,0
431395869,5
421616040,3
408586528,0
398730135,4
421649292,2
421493743,7
421470906,3
398733520,1
431423686,0
421485379,0
421620735,1
398874876,4
431408580,2
408588108,0
421539273,4
431456451,7
421652677,5
421664562,1
421658563,1
421500499,8
398789137,4
408602699,1
431438870,7
398738765,7
408622663,8
431470495,6
421558311,3
408646038,2
421553927,3
421493497,1
408653960,0
2147511668,3
2141148676,3
398814992,1
419048057,7
398770118,2
421499793,5
421510962,1
421518300,2
421514225,3
398743024,7
421675255,8
398743280,1
421517209,3
421495810,2
421519483,3
421647020,3
431490073,0
419094867,7
408659270,7
408652705,8
421645415,8
419211249,6
421510146,3
419034247,3
421567688,5
419174347,0
421689824,1
408639408,1
419098608,0
408670965,6
421519583,2
419140997,3
419140448,1
431513515,8
409030971,1
419022336,4
421526453,1
421684448,0
398787992,4
421542735,5
421535302,5
398777525,4
408669593,2
421547034,1
421714857,0
421541819,1
2110019337,3
419073647,2
421692703,3
409089625,2
409089097,2
421707202,3
421572995,5
421706964,1
421559548,5
419162765,6
421554134,4
421721236,5
421582541,1
398758278,3
398760286,3
2136730410,3
2136719502,3
421720360,0
421556679,8
409025075,3
398905421,4
421570989,1
421710030,5
421536330,6
421533821,5
421667401,3
421598284,3
398769735,7
421744180,0
421733124,3
409064951,6
398763069,4
409044308,1
398727981,1
419171266,3
421576996,8
421741032,3
421712174,5
409097432,7
421588199,7
431597600,1
2109393836,3
2109323128,3
2109397158,3
421726447,1
421763416,1
409035867,1
409068151,1
421736087,4
419328581,3
421580244,5
398737931,7
431635479,7
421734006,1
431636141,4
409050011,4
421740223,5
431632592,3
421566713,4
431630472,0
421700993,5
421552630,8
421748102,3
431646666,4
419187904,4
421730069,4
421776526,0
431638131,7
421593254,8
409071275,4
409060409,4
421619278,4
421769263,8
398861769,7
431661221,7
409096967,7
431666838,7
398748905,7
421725305,8
409063193,7
431662787,7
431662818,6
421578448,6
409061694,4
421561616,3
409056874,4
398744859,6
421600037,6
431658481,6
421574578,7
431658921,4
409045786,6
431653746,7
409090219,7
421639981,7
409071688,3
409086183,6
431667402,6
398937701,4
409080266,7
421767768,1
431670152,6
419126653,6
421721380,1
421621456,2
421622430,5
431709114,0
419259752,3
421612191,3
409094411,5
409082617,8
398779778,5
421582992,3
421775183,2
421595093,1
409094009,7
421779166,5
421803241,5
431712987,2
409085340,3
421792421,7
419399398,4
421619461,3
421642134,0
421637203,0
421635675,1
409146303,1
431726773,1
419341219,1
398806377,4
419373351,1
409136660,4
431729315,2
409092882,2
421604496,5
421621033,1
421602515,3
409167872,7
421769891,7
409105286,7
419433397,3
421817627,3
421812726,3
409099818,9
421624995,3
431753635,4
409110275,8
419331499,2
431755217,2
419431138,2
409104458,4
421624287,3
421756714,5
409172352,6
398753787,2
421610683,2
421780368,3
421606692,0
421608437,3
419357443,3
421774595,5
421604959,1
431789014,2
421605861,0
419412949,1
409130635,6
398832981,4
421634522,1
421659376,5
431782506,2
421790773,3
421624264,3
409127710,4
431773322,1
431771988,1
421604154,2
419327776,2
421641491,0
419348440,1
431769693,0
409110996,0
419428400,3
421765326,1
431759205,6
431812509,6
419331561,1
421639102,5
431810531,1
419396389,4
421640993,3
431808262,1
419277787,7
421820755,5
421636413,3
421819294,2
431805873,3
409176267,5
421633085,1
431808057,3
421655535,3
431804943,3
421773866,5
421767756,3
398811458,-1
421763932,5
421798524,1
421802567,8
419462981,0
421624531,5
431796059,5
421621774,5
421794520,4
419366002,1
421795692,8
421840282,2
409154055,8
421842728,2
419409222,2
409150210,1
398784171,0
421817242,2
409138712,7
431829337,2
419414789,5
421809513,8
421797852,3
431815516,7
419385052,5
421633559,1
421645953,4
421661828,5
398805693,2
409210060,4
421623751,0
409137650,6
431836137,1
409134396,0
421622037,0
421627118,1
421799377,2
421636610,5
421620747,8
419441302,1
409175459,2
421653245,3
421822998,3
421656731,5
409142417,4
421685760,4
421657019,0
421650369,2
421652070,0
431869436,0
419438287,1
421665126,2
409191551,0
421854049,3
421677015,5
421656296,2
421842140,2
409184233,3
398894432,3
421679881,2
421679508,5
419459686,2
398860839,1
421794627,2
421822657,0
421672129,2
421665729,3
421868839,7
431933559,0
398859283,3
431921244,0
421702196,2
421702415,1
421825113,2
398751752,8
419543155,6
431983412,3
409210897,1
419565833,0
409205784,3
409198643,1
419532416,1
421855982,3
409209756,4
421699679,1
421676465,1
409311988,1
409302765,7
421705706,1
432010674,0
409239580,1
432006820,5
421833458,5
421829285,4
409308156,1
421864710,0
409248145,0
432000385,0
421690268,1
409216449,3
421690768,5
419601870,0
421874924,1
421844563,3
432030114,2
409316090,7
421688106,1
409249534,3
398888164,5
409322403,9
421717684,5
418549159,2
432025194,1
421697624,5
432013031,2
421713974,1
421866990,5
432009216,3
419543565,5
432068305,3
421850324,4
409286993,1
421716584,5
409325528,-1
421706332,5
421889550,3
421888238,4
398969899,1
421699156,5
418442044,1
418384076,3
421877902,3
409315796,1
409278267,6
421759159,3
419603568,0
432095285,4
421878002,3
409272028,5
421912103,3
432093914,3
421904759,4
432067909,4
432087157,0
421699133,0
432077207,7
421711656,5
421708043,0
421701478,3
421717540,5
421712914,5
421917873,2
421912535,4
421719154,5
409308544,4
421714891,3
421904877,3
409299509,2
409350916,6
409382815,8
409284874,4
432104250,0
419661557,2
421707065,7
421737525,1
432142711,0
409312470,1
421872614,4
421875294,8
419732367,0
421899411,0
421870619,3
421900530,1
419574103,8
419720341,6
419634361,6
421897694,5
421896059,0
432167737,2
432162164,2
421913968,1
419786166,2
421745885,3
421727973,3
398887622,3
409356044,1
432158038,3
419816767,0
409398853,6
421744717,1
421926502,3
421921453,5
432189096,2
421746041,2
421728156,5
421722268,1
421748398,1
398784376,2
398839880,8
409385433,3
409389897,3
421738699,1
432216137,2
409429244,6
409353352,1
419684700,2
421936727,5
421758883,7
409361312,8
419751487,6
398900316,4
421768234,1
421737632,3
398895273,4
421765627,5
419576632,5
419570768,4
409418701,4
421777840,0
419516516,2
419684306,0
421958298,1
419550291,0
421781792,4
421941053,3
419520656,2
419668496,0
432254939,3
421752335,3
432286954,0
419671016,2
421934743,2
421745970,0
421946544,4
409386537,4
432266222,1
432269211,2
419673137,2
421788431,1
432265369,1
421781715,6
421764246,3
432312113,2
421752064,5
421768723,3
432305733,3
421787723,7
409384862,6
421974943,0
409397145,1
421786365,5
409444700,1
432290869,1
421779587,5
409405945,6
421770500,7
421932942,3
409427248,3
432326270,4
421945754,0
409398189,7
419763951,2
421789495,5
421932566,0
421966769,5
421960023,5
421944624,7
432359414,1
409454537,4
419785687,1
421970378,8
398898037,4
421967163,2
432348662,1
419757622,2
421777360,1
421993549,1
421948281,5
419736287,3
419648555,0
419605279,0
419759541,2
419739263,0
419791769,1
419829505,0
419849366,0
409445475,2
419669423,2
421972395,5
419880302,0
421798297,3
421792141,5
421810598,3
419874516,2
419693348,2
409425511,1
409423989,0
421776654,1
409442513,2
421992329,1
421938012,0
421937830,5
432359513,5
421772033,5
422005744,5
432394862,1
409541564,1
422001164,2
421801666,5
421984232,5
419870934,4
421790223,5
421814163,5
409529936,8
409466910,0
432399003,0
421923168,3
421967415,1
432395539,6
399010653,1
421950343,3
432399609,4
421806636,6
409488280,2
398850169,8
432392876,1
409466803,1
421811816,0
432443662,3
419950868,0
409457451,6
419905602,4
421812236,3
421955570,1
421849421,0
432424286,0
409495827,2
409479360,9
421988072,3
421805615,4
409604711,7
421826917,5
421797009,0
409506855,6
421869724,2
409477349,2
421822624,5
409480630,6
432453023,1
398858842,5
409485271,6
421821595,6
419919958,2
419891870,6
398895116,4
419978235,2
421855265,2
421842381,3
422016889,5
409510795,4
409490890,4
421845551,5
421833250,2
421825223,5
421826096,5
421804867,2
421838140,4
432502985,7
422009590,7
421803639,5
421844648,5
421853515,3
422025150,5
409543264,0
422000844,5
409579595,0
419777907,0
419976049,2
422018102,0
421833536,1
409574000,1
421818565,3
432534164,0
419700535,2
421840770,5
419743690,0
422006363,5
421827828,2
419774210,0
409528529,1
421825836,2
421868222,0
421876573,0
421861544,0
421878830,1
419806173,0
421844302,8
421834119,3
421847856,0
421878180,3
421898893,7
419911772,1
421862404,2
419785232,5
409535402,6
409549713,0
432645525,3
421860869,5
432645067,1
432635495,3
421883996,2
409618541,1
421896117,3
421875917,8
421895667,5
421882556,3
409563706,1
409598619,1
421890967,6
432642590,2
409573201,1
409609656,3
421923793,7
421885174,5
409550392,4
421901812,1
421927130,0
421896831,5
409619198,1
421883784,5
421849875,1
432710689,0
409578272,0
421901549,0
432701323,0
421871949,3
421868933,1
421870020,6
421864373,5
409603882,4
409600287,3
432728308,1
421916415,3
419863698,0
409609770,1
419865705,0
398919441,1
421917949,5
420145829,5
432743448,5
409620461,2
409599674,3
421929996,3
409699628,4
419961576,0
409775113,6
409639042,2
409638130,3
419962999,1
432772451,1
421914364,8
432759213,0
409692611,0
422081081,2
422081002,4
409646337,1
409645641,7
421915998,3
421906048,1
420203707,0
419964071,0
421898358,5
421903326,5
432780647,0
398892867,4
421915933,5
422064150,7
409806292,1
421923017,5
409791883,6
432812940,0
420294662,7
421912537,7
421897404,3
421915719,4
409673638,2
409639309,6
409638987,1
420026730,4
421879069,1
409727761,1
432812522,2
421924076,1
409763822,0
422098341,1
421906109,5
421938389,5
409691887,0
422138843,4
420326368,8
409673530,1
432873999,0
409808452,5
421927972,2
409825623,4
409721332,0
420126945,6
432892869,2
409717049,8
409703662,7
409840236,4
422002749,1
432880026,2
421915094,2
432926139,3
409856496,0
432924303,4
432917111,1
421936776,4
409696024,8
398866377,4
409715617,1
421932094,7
432908748,0
420300399,5
421961184,3
432950395,1
421954613,1
432956055,4
422109477,4
422001156,6
409868298,6
421953090,2
409724259,6
432939107,0
421978662,7
421988322,4
432942383,0
421976289,8
421974783,6
432937096,5
421978961,3
432933057,4
409727381,0
420077546,2
432930547,0
422072803,8
432974559,0
409795162,1
421943262,1
421954414,5
432969701,1
421957170,0
421959174,2
421962673,2
421957739,2
421979421,1
421942110,6
432963057,2
409751075,2
409876069,6
421972253,1
398907829,6
432988442,2
420221110,2
432988922,0
421940333,1
421968599,5
409765039,1
421932714,7
432997864,7
432996989,6
409793741,6
420274423,1
432992879,0
422001997,6
433006703,2
422001894,8
422005220,1
433048365,1
421999492,3
409802596,3
398950551,3
421988996,2
433037090,4
421985774,5
420318303,2
409843902,1
433053936,3
409811386,2
409949695,1
433054239,1
409792019,1
422021446,1
433060640,1
433093198,2
433078436,3
433091706,6
422055572,8
422043116,5
422004722,2
422033799,5
433084075,6
409862241,6
421999396,8
433077817,4
422027537,1
433104895,6
409953249,1
433122523,1
422036945,3
422014562,8
422032546,7
409932197,8
409857298,6
398938666,6
420249430,6
422002998,6
422031032,6
433111087,6
422000388,6
409963474,6
399040149,6
422065574,6
399040008,6
398969124,8
433112508,6
422010856,6
433108540,0
409972190,0
433104293,0
422038417,0
409922307,0
420227595,6
421981881,5
409963538,6
422009508,5
409970644,0
422005651,0
409833635,1
409986152,7
433138940,0
398899768,6
421995442,6
409931232,2
433138270,7
409836850,6
421993314,5
409865299,2
422016964,0
422051000,1
433168260,6
409968095,2
398981649,6
433157187,3
433162041,1
409902226,0
422091724,7
433150741,0
433151148,4
422055254,5
422022645,2
422001100,6
410003271,2
433151162,5
422017376,5
399007719,6
398986355,6
420327894,6
398989220,6
420481897,2
422005774,3
422017298,7
422102357,2
433188930,6
422044666,8
409984448,0
409961592,3
422019877,5
422038026,5
409921944,0
409879308,1
398943000,6
422071846,1
398992932,2
420371347,7
433219059,6
422011499,4
433216928,6
433216406,4
422040230,6
409932196,1
409915656,1
409891917,3
422016744,2
409918101,7
420355745,0
422004147,2
433206229,0
422023600,1
420355806,2
422000373,1
420393590,7
422040403,7
422022870,3
409933378,3
398932559,6
433228245,3
422048127,7
398965747,1
422035070,2
422022439,3
420400924,3
433272020,0
420372736,0
422075131,7
409959029,1
420425512,2
398992060,0
422036500,6
422076314,1
433282439,6
422073722,8
433285746,7
409991927,7
409990562,7
409920786,0
398929428,1
410027291,2
422063700,0
422046727,2
409953322,0
410058919,1
433309803,5
410095716,3
422064924,1
422084801,4
410047109,0
420448672,2
433309941,4
433309206,6
422051725,4
433306550,0
420415753,3
433300343,2
422034608,5
433339486,5
420495196,8
422108188,3
422196759,1
433332225,6
422112105,2
422089860,4
433341767,2
409976566,8
420448105,3
422063268,6
409985912,7
433344137,0
422163670,3
410021597,7
433345936,7
422122904,0
422191583,4
433372549,0
433368077,6
422056716,8
422068363,0
398971142,6
420503835,8
433371973,2
420467235,2
420460517,1
410094929,8
422076528,2
410099556,0
422205558,2
420462130,2
422062023,1
422112989,1
420479348,3
433375738,4
410102234,1
422051084,3
399062326,4
422100935,6
410037128,1
422111303,1
422084378,0
420528621,6
410111862,4
422127409,6
422091746,6
410049236,1
433422646,0
422067162,0
410078475,1
422113334,7
422148022,8
422150382,7
420533673,3
398969606,8
422146357,4
422065277,6
422109794,0
422129816,0
420509703,4
420544130,1
422258190,5
410086709,0
433470077,0
422236295,7
410140016,6
410221899,1
420488448,7
398960850,0
410104391,7
399042379,4
433462991,7
422102403,1
410160511,2
433501190,6
420575118,1
422095798,0
433482278,4
420514528,2
422231845,2
422117082,2
422134918,2
420549729,2
433486789,2
433481259,7
422104629,7
433524397,0
433521499,0
422140154,2
417936547,8
422101180,2
433545819,7
420534007,3
410140619,4
410091265,0
422090255,7
420527232,2
420538954,2
410131289,7
422162477,3
433533779,1
422137612,3
410190985,6
410148522,6
420525606,0
433573735,0
410080696,0
410194816,1
433567343,2
422279616,5
433564272,2
410096901,1
422153433,5
422081694,2
410110830,0
433598967,4
433595745,1
433588572,6
410171279,1
433584349,2
422080817,5
433587636,0
422164345,5
410136348,2
410167966,8
422146775,3
433615758,0
422152116,5
433611763,1
433612016,0
422141076,5
422162449,5
422166603,5
399024801,4
399030586,4
420586750,6
422136666,3
422149952,7
420582786,7
420584380,2
433599480,2
399042284,6
410130654,0
433601184,0
399097010,6
422286420,2
422120655,3
433619361,0
433634592,8
420610313,5
422165323,0
422188090,6
422150138,0
422167017,8
433652489,2
433675304,6
433684686,7
420593021,7
422170139,5
422201061,3
422208453,5
433678202,3
422207325,6
420645990,1
433689531,1
399034016,1
433715348,1
410188049,0
433713732,0
399117908,2
433709062,0
420636403,2
410209698,1
399094121,4
422178661,3
433751330,4
422322382,2
433749461,2
422181441,1
422192004,7
410195546,7
422170955,2
420703440,2
433758791,2
399027434,6
433772541,2
410225419,1
410197874,2
410207922,7
410269286,7
433756611,2
433798895,7
422224646,8
399044599,7
422219767,0
433785827,0
422204362,2
410202042,0
433798712,2
410209790,0
433808238,7
422179979,0
410217293,1
420738145,1
433809452,2
399024520,4
410155034,4
410223440,8
422207292,2
410247120,7
433831823,0
420646944,1
433831224,1
399002349,4
422324620,4
399037383,4
422351132,7
410188866,6
410218108,0
422178824,0
422251428,7
399027051,7
410174946,5
433818999,7
433858133,1
422226861,1
422220245,0
410223412,8
410233662,2
410221026,7
433852627,7
410187551,2
399016155,7
433852489,7
399016265,4
422281865,7
410231630,7
420746203,7
422258641,2
399052268,7
433848127,2
433845131,0
422207166,6
420697754,2
420695277,0
420695066,2
433860221,1
399011069,2
433875912,4
422229202,5
410214988,7
422224872,0
422233596,1
433875086,1
422232545,6
399107765,8
422242202,2
433918256,2
422192071,1
399102626,1
410256698,1
399103324,4
433901499,2
399090619,6
422237663,1
422292895,2
410245853,2
433905756,7
433906680,0
410252187,7
410217793,7
420747941,7
410251432,0
399026585,3
410275621,7
422226083,0
410248177,2
422171380,5
433949703,7
420791419,2
410275836,7
420776953,7
422229327,0
410261382,2
399127093,1
422224146,5
422268816,2
422268482,6
399047883,1
410273115,6
433974554,1
399081227,6
410258131,2
422381891,8
410259549,1
410251935,4
410282125,4
420791778,4
410267883,7
422264797,7
433995146,1
433989638,1
422212009,4
420710036,4
410240629,1
410250407,0
433984722,2
422260747,1
410284182,4
422183288,4
410292759,4
410286335,1
434013719,2
434014708,4
422289763,4
422246994,7
420783497,7
422280658,4
420803456,4
434036973,0
410313213,8
399065390,6
422310557,0
422280942,8
434047136,4
410298680,6
884360703,8
422248437,1
422252728,4
420810654,4
434061923,1
410309675,2
422398802,4
410270909,1
422247815,2
410311950,2
434052735,0
422246283,1
410312954,6
422249644,8
420802590,4
410298424,0
410301059,1
434050139,7
422241049,1
399116204,6
434051062,0
410291182,1
434048962,0
422250561,0
422304685,2
422313119,3
410302199,8
434062246,0
422299183,5
422297133,0
434086251,2
399070919,4
422286508,4
410301696,7
420796248,4
434083058,1
422241450,1
410264913,0
434078819,0
422242374,2
422276826,0
434105030,3
422278734,2
420844560,4
434126915,1
422254129,5
422275719,5
410353625,1
422314466,0
399115334,3
434156531,6
410323444,2
410339332,1
434159344,3
422221045,5
422284469,5
410326129,1
422286474,0
434191908,1
422335817,0
434182242,3
422313505,3
434178323,2
420846053,1
422288476,1
399116565,5
420845050,2
422266550,5
434214514,7
434221323,2
434219537,2
422281010,3
410349191,3
422294091,7
420899520,7
434211315,7
422301965,0
422412084,5
422313404,5
399101223,5
422269381,2
422303733,8
410330193,0
399076896,3
422303864,2
420808251,8
410332715,2
434280512,2
422318403,6
410362979,4
434272546,5
422346871,0
399092838,3
410356276,1
422316456,1
422271251,5
422270874,5
422353867,2
422272258,0
434306219,2
422300722,5
410357447,4
434305430,0
422310150,5
422320352,5
422347143,2
422363905,4
399124965,3
434289315,3
422441797,5
422287040,5
422274117,3
420655535,1
410354561,0
422257180,5
399139281,4
422283998,5
422303473,5
410373892,0
422343662,5
410369274,0
422302279,5
434322421,3
410356920,5
410325909,6
276285002,4
276531081,4
288074598,4
288308995,5
312852646,4
347297732,0
356802222,4
356812972,4
356925286,4
356880284,4
365420220,5
497937720,2
500810169,4
504741183,3
517008007,3
517005517,7
519164307,2
519154190,2
520564977,2
520623083,4
521284610,5
578386282,1
625868568,5
704980819,0
698166087,1
734654737,2
737959881,6
737595289,2
737593621,2
740330645,1
743940273,1
746391412,6
747857454,5
754969008,5
756932727,2
757039543,1
757773944,1
758775519,5
758827475,1
758820654,0
759287600,3
759621207,0
759674611,0
759673862,7
815850383,7
815900191,7
815898326,1
816801188,7
817206600,2
817206153,0
817583174,3
819574208,7
820759192,2
820713509,7
821896902,7
822846916,4
828817556,0
828814275,4
846745273,4
846745480,0
847085819,2
847578367,5
847950952,7
848280078,4
849385261,8
851210166,1
851581652,5
853665653,5
854537229,0
855160281,4
857683892,2
857681919,1
857690677,6
858690959,0
859036709,4
861189122,4
861515473,5
862117170,0
862110076,5
862182959,0
862237816,0
862766681,1
863111432,0
864763457,0
864770528,0
865683255,1
865676931,1
866012326,2
866462659,7
868755845,4
868888231,1
868885468,2
868894046,1
868989362,2
870269841,0
871533832,1
872573384,2
874299732,7
874406652,2
875592973,0
876036579,2
876217957,6
877767238,0
877801138,2
880319745,3
880787518,2
881434080,5
883306523,6
883419596,7
884253251,5
885453413,2
886520096,0
887448093,3
888631509,0
889165416,0
890282433,3
890635050,0
893726798,5
893695796,0
894139186,2
896648501,5
896747066,4
898661399,7
898658798,2
898660430,2
902209370,0
903656948,4
905652534,2
905650904,1
905957232,4
907774186,4
909200093,4
909881185,6
909874654,5
910040135,0
910144665,2
910193618,8
910921806,1
911146567,1
911736156,4
912253054,8
912527697,0
912699757,3
913017414,0
914277403,1
918225648,0
922734544,0
926133179,7
926858928,2
927673172,6
927967469,5
958280208,1
962492274,0
993067508,0
1002491212,5
1008683381,7
1008688665,2
1009786921,3
1011139999,1
1011176864,0
1017612170,0
1018126851,2
1019603553,6
1019850664,3
1020171950,8
1022550321,6
1023278043,0
1023881337,7
1026847091,3
1027985392,6
1030174207,3
1033221378,5
1033277508,0
1034502749,4
1039689217,6
1039814970,7
1080824885,1
1125143371,0
1155489546,3
1170213794,3
1220935782,0
1221659108,0
1222220128,1
1228347850,0
1239042350,2
1240814207,5
1242722001,2
1242890621,0
1265985987,7
1266567807,0
1269099082,0
1268866407,3
1271849834,2
1281983885,0
1283630126,0
1284218652,4
1285562743,1
1314334406,2
1314865959,8
1315427515,0
1315480300,0
1316041077,2
1317574126,3
1317578949,0
1321314847,3
1323142326,8
1348759929,3
1355242568,1
1356220710,0
1365732834,1
1365729414,1
1366440690,0
1366564253,0
1366565330,0
1366475499,0
1372288193,5
1372562800,0
1398361010,0
1413372640,8
1416553604,5
1419114267,5
1429314948,1
1435728647,3
1437077583,4
1440637301,2
1443345087,0
1443980946,0
1445250374,0
1445436463,5
1448960342,7
1449261253,0
1458706892,4
1461063904,3
1462473549,2
1462943505,5
1470860491,0
1470860235,0
1470860472,0
1470860340,0
1471267003,8
1474046333,3
1475030697,0
1477329338,3
1477920554,1
1493105127,1
1493987217,2
1494279571,1
1496252179,0
1497097035,0
1497117656,0
1497158801,0
1497151990,3
1498192482,5
1498257691,0
1500150308,2
1500629188,0
1501508294,6
1502965682,5
1507086146,5
1507529441,6
1508276660,4
1508902094,0
1509178747,0
1510351165,0
1510676188,6
1511417641,4
1511741733,5
1516654189,5
1518213849,1
1523124508,1
1524065190,1
1525799496,4
1525756897,1
1527880838,5
1533543644,7
1540651675,3
1543145825,7
1551143469,6
1552763999,7
1556900807,7
1564360314,0
1564544538,1
1616947153,0
1616922222,2
1623063354,2
1625462179,7
1634799437,3
1637357526,3
1638439251,2
1638746681,1
1640654434,1
1640789406,2
1640789210,7
1643065680,1
1644569526,2
1647510084,2
1649036694,8
1650213562,7
1649951256,8
1654545507,2
1655161067,1
1655688965,1
1658907107,4
1661231339,8
1674583679,1
1674606946,5
1679656324,2
1680049074,7
1682144516,4
1683713736,3
1684149749,2
1684256250,1
1686447677,3
1686447850,4
1687800437,0
1692905208,0
1695119147,3
1695335759,3
1695923212,4
1696831107,3
1696830920,0
1697653372,3
1698770647,8
1698871201,0
1699807684,8
1699805154,3
1700439333,1
1700591779,0
1702046558,0
1713901033,4
1714559810,5
1714509359,1
1714516757,4
1716195491,0
1716194600,5
1716675395,2
1718750308,3
1719187098,1
1722820238,7
1727324104,0
1727839065,0
1728494438,0
1732524870,2
1732997678,4
1733006432,0
1734589566,0
1738919910,6
1748076885,7
1748539512,3
1750294513,3
1750377105,8
1750377123,8
1750365560,0
1750692089,0
1750689247,0
1751655243,2
1752564238,4
1754455870,3
1756386999,2
1758100916,1
1760773899,6
1764826582,0
1767043135,2
1768090557,1
1768770884,2
1777881116,3
1778573620,2
1778956817,0
1779609982,0
1779890993,1
1779705718,5
1783202942,4
1784061784,5
1784383744,0
1785176652,3
1785697843,4
1785908870,7
1786753788,0
1787228472,4
1789694818,3
1793506596,0
1794065682,0
1794066393,0
1794066706,7
1795735557,4
1796113958,0
1796113973,6
1798603592,5
1798635009,0
1799136013,7
1801312573,0
1801385533,5
1801385360,0
1801792505,5
1803001993,0
1807205433,7
1807671778,0
1807732660,0
1810244428,8
1810711983,5
1810708755,0
1811044116,0
1811147389,3
1813055627,5
1814431478,8
1816289101,5
1816291443,5
1816410294,1
1816410297,0
1817074949,8
1818280041,3
1820237065,0
1822912691,1
1824184241,6
1824446786,4
1827404358,1
1828443498,6
1829666385,6
1831625632,7
1837515770,4
1837517725,7
1838378059,8
1838379981,0
1838556042,3
1845912645,5
1847094173,3
1847094768,3
1847540688,4
1847613170,5
1847613169,2
1847613166,3
1848372585,6
1849617333,3
1850025852,7
1852410783,3
1856751953,7
1856767664,7
1857147986,4
1859386879,7
1863069382,0
1862477697,4
1867124416,6
1867454589,4
1867807409,0
1868525057,1
1869658906,3
1870182343,5
1872112780,2
1873255950,8
1873231699,7
1878355862,0
1878508619,8
1878508537,1
1879453505,1
1880281372,5
1881052993,0
1881945812,2
1883087352,1
1887285302,4
1888397112,1
1888847916,4
1892560862,0
1893115662,4
1899665458,4
1908622112,3
1912464561,0
1912441644,0
1912893077,5
1912892617,1
1913224054,4
1917810916,8
1918777886,3
1919849309,0
1920589018,0
1920589339,4
1926833603,-1
1927956436,3
1928598186,2
1930218669,0
1931914136,2
1932522470,3
1939172900,4
1943532911,0
1947350696,1
1950790084,0
1953034927,4
1955892157,8
1956837075,0
1960888920,0
1960839180,3
1964997074,0
1964934273,0
1964992333,0
1965744488,0
1965749326,0
1965990902,0
1966304132,0
1968314660,0
1972146075,3
1977493419,2
1978162257,0
1979074269,6
1980425245,4
1983171674,8
1984941884,4
1986897141,4
1987331968,1
1989833318,2
1989792153,5
1991555701,4
1993524942,1
2000962124,0
2011986910,0
2011971320,1
2021644571,7
2028386335,4
2031952447,1
2032326642,0
2032326629,0
2039689424,1
2043013010,7
2049456174,4
2052508008,4
2069698968,7
2070665791,2
2071044454,8
2071999411,1
2072078973,0
2072078970,0
2071996085,4
2072000002,1
2073206072,2
2073205974,8
2073930752,1
2077339726,0
2077779361,3
2084720152,3
2094040625,0
2098943249,3
2099269044,1
2112013761,1
2112012116,1
2113218105,0
2113041480,7
2114092255,0
2114562402,6
2114551817,2
2115088845,1
2122965938,5
2127537060,4
2131503324,4
2137198175,4
2138424732,1
2138443063,1
2138488169,2
2138513802,3
2138445898,2
2150444502,8
2151022623,4
2153930552,4
2156751636,4
2158419272,4
2159561481,0
2160282778,1
2160679144,4
2161334894,4
2162931882,4
2164938909,3
2166634730,0
2167602413,1
2169130311,4
2170129686,-1
2170811658,0
2171929830,0
2174134462,5
2175758069,4
2175782056,4
2177081594,6
2177082144,6
2177031262,6
2177870109,0
2178501500,4
2182373452,8
2187088521,3
2188530022,1
2188518942,5
2189892121,8
2193424911,1
2198903555,4
2200115920,7
2201504408,3
2201477669,0
2202988471,6
2204106873,0
2207727380,6
2214844636,0
2214907100,6
2216623242,0
2220544038,0
2221082589,0
2221083211,0
2223060794,4
2241860699,7
2246604835,3
2254268567,3
2256030856,0
2257466370,0
2259180341,1
2263097776,7
2263094075,0
2268126559,3
2268235582,4
2272144547,1
2272146653,2
2272144555,2
2272051812,7
2272146674,1
2272604527,4
2273617949,0
2282342662,7
2274938578,0
2277233913,1
2278367268,0
2280955710,7
2280955776,3
2282208312,4
2282207932,4
2282733956,1
2284805719,3
2285549358,4
2286688303,0
2286698486,1
2287350078,0
2287294782,4
2289924229,4
2290185351,7
2290188538,4
2291841568,4
2294332965,0
2295921625,6
2297043064,5
2297030964,5
2298701182,4
2298704016,3
2300505425,8
2301035565,1
2305355947,1
2307585349,3
2307587349,3
2309576012,4
2311877580,0
2313111419,4
2315394930,3
2315477269,0
2316689863,1
2319910150,8
2320602949,8
2322962461,0
2323300364,4
2327747763,6
2329067843,1
2330268323,4
2331008584,8
2331185929,0
2331543689,0
2336152143,5
2341997168,0
2346115819,3
2352346820,0
2353886315,5
2353886319,0
2356411425,0
2364902371,8
2377007349,6
2387178467,8
2388272662,1
2389103360,3
2392217786,4
2392874505,4
2395086911,0
2400146358,4
2400879673,5
2409479048,4
2409449958,4
2410029382,4
2412671165,6
2420026057,4
2420033344,3
2420464579,6
2423824006,8
2424314572,1
2424849769,8
2430290701,0
2440245855,0
2440245895,5
2444812759,3
2445853152,5
2445853167,5
2447188614,8
2448240868,3
2449615503,7
2451284765,5
2453878451,1
2455680257,1
2455710164,6
2455678514,1
2456037102,4
2456037063,7
2456213463,6
2456694319,8
2458893102,0
2460891078,1
2461184654,1
2467776872,7
2470136205,1
2470161804,0
2470183150,1
2470839252,4
2471961311,7
2472748774,7
2478179988,4
2479333049,1
2479502323,0
2480558970,0
2480559024,4
2490777564,0
2491783957,3
2493898775,3
2494068184,0
2495035670,4
2495269046,4
2496414260,1
2496915480,0
2496937242,2
2496915277,1
2496764425,5
2497934240,0
2501339599,4
2501397285,4
2506197428,0
2506126726,8
2513751400,8
2532415400,4
2535396326,8
2535646935,8
2537060889,1
2537027780,1
2545859124,5
2546769836,5
2546422949,0
2548321180,8
2548937065,1
2551393935,0
2553132876,3
2553440942,5
2554184408,8
2555257560,7
2556172398,0
2556594573,8
2559549080,0
2563604436,0
2567810239,1
2577251825,0
2577619240,0
2577619249,2
2577639479,0
2577582327,0
2580633297,4
2581131491,8
2582906828,2
2585001986,4
2586332283,4
2587588415,1
2597402555,0
2597620690,0
2597971551,0
2604699874,8
2609900416,3
2613702743,8
2618807785,0
2619347265,0
2622890450,3
2626095390,3
2627306737,1
2627269674,5
2628017425,6
2630547628,0
2634290967,0
2637914790,0
2638202282,1
2646063117,8
2646874977,6
2648623226,6
2648623725,1
2648802480,0
2648795024,3
2649168021,3
2649879012,7
2653072174,0
2653300320,8
2653421174,1
2659460172,0
2663154206,0
2664703304,8
2666761730,3
2670763538,5
2676635453,4
2676765605,4
2676765559,0
2677352511,4
2678157644,4
2679033869,0
2680020703,1
2684857224,5
2684857264,2
2684887502,6
2690047122,5
2692489208,7
2692570518,4
2696541373,5
2699016363,4
2702388701,0
2702628530,4
2703195187,5
2703299434,4
2703195162,5
2713129425,5
2713858443,0
2715178876,5
2716809392,1
2721167659,6
2723532711,0
2727117056,0
2728318926,0
2728375429,0
2728342612,0
2729292111,0
2731616452,1
2733387668,1
2737315835,0
2740786252,3
2748090308,1
2755985443,4
2756010080,4
2755982589,1
2756552830,0
2759133729,0
2769538209,1
2771842657,5
2774028177,1
2774744430,3
2777534100,0
2779497767,0
2779644895,0
2782849035,1
2782860878,1
2786680519,3
2787058376,5
2790716536,0
2790716490,5
2791065261,0
2791076579,8
2793301252,5
2795865446,0
2798489114,3
2801868799,4
2802235238,4
2805293307,0
2806330505,1
2810767772,3
2816881340,1
2818548370,0
2820797826,8
2820873829,8
2821498845,7
2821779482,5
2825337291,3
2828104508,8
2828158469,1
2828266640,1
2829358557,0
2831916070,8
2833393401,0
2840468233,3
2844002365,3
2844475271,0
2847191112,3
2854688388,4
2856692176,0
2857174416,0
2857512200,3
2857489361,0
2865980483,1
2869108114,3
2869474104,4
2870653524,8
2873070967,6
2873102498,6
2873070970,6
2874707361,3
2876184193,4
2875675166,5
2876231750,4
2877671818,6
2877619306,3
2881058421,0
2881058336,0
2884031992,5
2886491790,7
2895100508,7
2895067786,0
2897290349,3
2898162467,8
2899297523,7
2899187968,0
2907067403,2
2910836498,-1
2915859696,4
2924130847,0
2928403245,0
2928460562,0
2950004656,0
2956953018,4
2956989066,4
2957811574,0
2957800406,0
2968693213,7
2973837161,0
3013957259,6
3013910310,1
3014685405,3
3031495978,3
3033743954,3
3042781635,5
3043648031,6
3047717767,0
3048209688,1
3052360760,6
3052302981,6
3052946466,7
3058399449,5
3059696845,0
3063993812,3
3068678970,3
3071609417,0
3071657061,0
3072377638,4
3073757042,4
3076466230,4
3076496255,4
3077563439,1
3083310915,0
3089715521,5
3092494117,0
3092494101,4
3092528525,7
3094962204,3
3095293595,1
3097998996,0
3098046641,0
3099222576,8
3101423811,1
3101745617,0
3113891172,0
3116822376,3
3118391439,0
3122848511,0
3123450741,6
3124897522,7
3126453937,4
3129913363,0
3129879523,0
3131653482,0
3132207645,7
3134253340,1
3135002054,1
3142728499,0
3142750210,0
3143171887,1
3144225815,0
3150957152,4
3151029379,7
3151314524,0
3152795299,1
3157797287,4
3157771197,4
3159018642,6
3158987116,3
3159027659,3
3160217238,4
3160238312,1
3160237960,4
3160679679,1
3162456419,3
3162683230,3
3164891757,3
3164891743,0
3165249518,1
3167856130,0
3172022968,5
3172028989,8
3173189397,4
3174664917,7
3174558655,0
3175465512,0
3177294959,8
3177998666,1
3177979502,0
3180286398,3
3188580519,4
3188542719,0
3188964023,4
3190964392,5
3190950946,1
3191273013,3
3191547053,2
3191665713,6
3191502560,3
3191502561,1
3191723262,6
3191763592,0
3192151937,0
3192449459,4
3194369343,4
3195983994,6
3199653832,5
3203037917,4
3205315667,4
3211748540,8
3213666538,4
3214008411,0
3216113110,3
3219129598,0
3219157308,0
3219157342,0
3222899267,3
3226023640,6
3228154286,4
3228184861,4
3231044161,4
3231344843,1
3233887628,4
3236297050,7
3240068323,0
3240146889,0
3240209231,0
3240376744,1
3240554063,0
3242197113,0
3242367886,3
3242894785,0
3243230459,7
3244649964,3
3253194937,3
3255012074,0
3259406171,0
3260124439,7
3261349065,3
