row,month_t,news_lag,cong_lag,news_t,cong_t
1,1995-02,0,0,1,0
2,1995-03,1,0,0,0
3,1995-04,0,0,0,0
4,1995-05,0,0,0,1
5,1995-06,0,1,0,0
6,1995-07,0,0,1,0
7,1995-08,1,0,1,0
8,1995-09,1,0,0,0
9,1995-10,0,0,0,0
10,1995-11,0,0,0,0
11,1995-12,0,0,0,0
12,1996-01,0,0,0,0
13,1996-02,0,0,0,0
14,1996-03,0,0,0,0
15,1996-04,0,0,0,0
16,1996-05,0,0,0,0
17,1996-06,0,0,0,0
18,1996-07,0,0,1,0
19,1996-08,1,0,0,0
20,1996-09,0,0,0,0
21,1996-10,0,0,0,0
22,1996-11,0,0,0,0
23,1996-12,0,0,0,0
24,1997-01,0,0,0,0
25,1997-02,0,0,0,0
26,1997-03,0,0,0,0
27,1997-04,0,0,0,0
28,1997-05,0,0,0,0
29,1997-06,0,0,0,0
30,1997-07,0,0,0,0
31,1997-08,0,0,0,0
32,1997-09,0,0,0,0
33,1997-10,0,0,0,0
34,1997-11,0,0,0,0
35,1997-12,0,0,0,0
36,1998-01,0,0,0,0
37,1998-02,0,0,1,0
38,1998-03,1,0,0,0
39,1998-04,0,0,0,1
40,1998-05,0,1,1,0
41,1998-06,1,0,1,0
42,1998-07,1,0,0,0
43,1998-08,0,0,0,0
44,1998-09,0,0,1,0
45,1998-10,1,0,0,0
46,1998-11,0,0,0,0
47,1998-12,0,0,1,0
48,1999-01,1,0,0,0
49,1999-02,0,0,0,0
50,1999-03,0,0,3,0
51,1999-04,3,0,0,1
52,1999-05,0,1,0,0
53,1999-06,0,0,2,1
54,1999-07,2,1,0,1
55,1999-08,0,1,1,0
56,1999-09,1,0,0,0
57,1999-10,0,0,0,0
58,1999-11,0,0,0,0
59,1999-12,0,0,0,0
60,2000-01,0,0,0,0
61,2000-02,0,0,0,0
62,2000-03,0,0,1,0
63,2000-04,1,0,0,0
64,2000-05,0,0,0,0
65,2000-06,0,0,0,0
66,2000-07,0,0,0,0
67,2000-08,0,0,0,0
68,2000-09,0,0,0,0
69,2000-10,0,0,0,0
70,2000-11,0,0,0,0
71,2000-12,0,0,0,0
72,2001-01,0,0,0,0
73,2001-02,0,0,0,0
74,2001-03,0,0,0,0
75,2001-04,0,0,0,0
76,2001-05,0,0,0,0
77,2001-06,0,0,0,0
78,2001-07,0,0,0,0
79,2001-08,0,0,0,0
80,2001-09,0,0,0,0
81,2001-10,0,0,0,0
82,2001-11,0,0,1,0
83,2001-12,1,0,0,0
84,2002-01,0,0,0,0
85,2002-02,0,0,0,0
86,2002-03,0,0,0,0
87,2002-04,0,0,0,0
88,2002-05,0,0,0,0
89,2002-06,0,0,0,0
90,2002-07,0,0,0,0
91,2002-08,0,0,0,0
92,2002-09,0,0,0,0
93,2002-10,0,0,0,0
94,2002-11,0,0,0,0
95,2002-12,0,0,0,0
96,2003-01,0,0,0,0
97,2003-02,0,0,0,0
98,2003-03,0,0,0,0
99,2003-04,0,0,0,0
100,2003-05,0,0,1,0
101,2003-06,1,0,0,0
102,2003-07,0,0,0,0
103,2003-08,0,0,0,0
104,2003-09,0,0,0,0
105,2003-10,0,0,0,0
106,2003-11,0,0,0,0
107,2003-12,0,0,0,0
108,2004-01,0,0,0,0
109,2004-02,0,0,0,0
110,2004-03,0,0,0,0
111,2004-04,0,0,1,0
112,2004-05,1,0,0,0
113,2004-06,0,0,1,0
114,2004-07,1,0,0,0
115,2004-08,0,0,0,0
116,2004-09,0,0,0,0
117,2004-10,0,0,0,0
118,2004-11,0,0,0,0
119,2004-12,0,0,0,0
120,2005-01,0,0,0,0
121,2005-02,0,0,0,0
122,2005-03,0,0,0,0
123,2005-04,0,0,0,0
124,2005-05,0,0,0,0
125,2005-06,0,0,0,0
126,2005-07,0,0,0,0
127,2005-08,0,0,0,0
128,2005-09,0,0,0,0
129,2005-10,0,0,0,0
130,2005-11,0,0,0,0
131,2005-12,0,0,0,0
132,2006-01,0,0,0,0
133,2006-02,0,0,0,0
134,2006-03,0,0,0,0
135,2006-04,0,0,0,0
136,2006-05,0,0,0,0
137,2006-06,0,0,0,0
138,2006-07,0,0,0,0
139,2006-08,0,0,0,0
140,2006-09,0,0,0,0
141,2006-10,0,0,0,0
142,2006-11,0,0,0,0
143,2006-12,0,0,2,0
144,2007-01,2,0,0,0
145,2007-02,0,0,0,0
146,2007-03,0,0,0,0
147,2007-04,0,0,0,0
148,2007-05,0,0,0,0
149,2007-06,0,0,0,0
150,2007-07,0,0,0,0
151,2007-08,0,0,0,0
152,2007-09,0,0,0,0
153,2007-10,0,0,0,0
154,2007-11,0,0,0,0
155,2007-12,0,0,0,0
156,2008-01,0,0,1,0
157,2008-02,1,0,1,0
158,2008-03,1,0,1,0
159,2008-04,1,0,0,0
160,2008-05,0,0,3,0
161,2008-06,3,0,0,0
162,2008-07,0,0,0,0
163,2008-08,0,0,0,0
164,2008-09,0,0,0,0
165,2008-10,0,0,0,0
166,2008-11,0,0,0,0
167,2008-12,0,0,0,0
168,2009-01,0,0,0,0
169,2009-02,0,0,0,0
170,2009-03,0,0,0,0
171,2009-04,0,0,0,0
172,2009-05,0,0,0,0
173,2009-06,0,0,0,0
174,2009-07,0,0,0,0
175,2009-08,0,0,0,0
176,2009-09,0,0,0,0
177,2009-10,0,0,0,0
178,2009-11,0,0,0,0
179,2009-12,0,0,0,0
180,2010-01,0,0,0,0
181,2010-02,0,0,0,0
182,2010-03,0,0,0,0
183,2010-04,0,0,0,0
184,2010-05,0,0,0,0
185,2010-06,0,0,0,0
186,2010-07,0,0,0,0
187,2010-08,0,0,0,0
188,2010-09,0,0,0,0
189,2010-10,0,0,0,0
190,2010-11,0,0,0,0
191,2010-12,0,0,0,0
192,2011-01,0,0,0,0
193,2011-02,0,0,0,0
194,2011-03,0,0,0,0
195,2011-04,0,0,0,0
196,2011-05,0,0,0,0
197,2011-06,0,0,1,0
198,2011-07,1,0,0,0
199,2011-08,0,0,0,0
200,2011-09,0,0,0,0
201,2011-10,0,0,0,0
202,2011-11,0,0,0,0
203,2011-12,0,0,0,0
204,2012-01,0,0,0,0
205,2012-02,0,0,0,0
206,2012-03,0,0,0,0
207,2012-04,0,0,0,0
208,2012-05,0,0,0,0
209,2012-06,0,0,0,0
210,2012-07,0,0,0,0
211,2012-08,0,0,0,0
212,2012-09,0,0,0,0
213,2012-10,0,0,0,0
214,2012-11,0,0,0,0
215,2012-12,0,0,1,0
216,2013-01,1,0,0,0
217,2013-02,0,0,0,0
218,2013-03,0,0,0,0
219,2013-04,0,0,0,0
220,2013-05,0,0,0,0
221,2013-06,0,0,0,0
222,2013-07,0,0,0,0
223,2013-08,0,0,0,0
224,2013-09,0,0,0,0
225,2013-10,0,0,0,0
226,2013-11,0,0,0,0
227,2013-12,0,0,0,0
228,2014-01,0,0,0,0
229,2014-02,0,0,0,0
230,2014-03,0,0,2,0
231,2014-04,2,0,0,0
232,2014-05,0,0,0,0
233,2014-06,0,0,0,0
234,2014-07,0,0,0,0
235,2014-08,0,0,0,0
236,2014-09,0,0,0,0
237,2014-10,0,0,0,0
238,2014-11,0,0,1,0
239,2014-12,1,0,0,0
240,2015-01,0,0,0,0
241,2015-02,0,0,0,0
242,2015-03,0,0,0,0
243,2015-04,0,0,0,0
244,2015-05,0,0,0,0
245,2015-06,0,0,0,0
246,2015-07,0,0,0,2
247,2015-08,0,2,0,0
248,2015-09,0,0,0,0
249,2015-10,0,0,0,0
250,2015-11,0,0,0,0
251,2015-12,0,0,0,0
252,2016-01,0,0,0,0
253,2016-02,0,0,0,0
254,2016-03,0,0,0,0
255,2016-04,0,0,0,0
256,2016-05,0,0,0,0
257,2016-06,0,0,0,0
258,2016-07,0,0,0,1
259,2016-08,0,1,0,0
260,2016-09,0,0,0,0
261,2016-10,0,0,0,0
262,2016-11,0,0,0,0
263,2016-12,0,0,0,0
264,2017-01,0,0,0,0
265,2017-02,0,0,0,0
266,2017-03,0,0,1,0
267,2017-04,1,0,0,0
268,2017-05,0,0,0,0
269,2017-06,0,0,0,0
270,2017-07,0,0,0,0
271,2017-08,0,0,0,0
272,2017-09,0,0,0,0
273,2017-10,0,0,0,0
274,2017-11,0,0,0,0
275,2017-12,0,0,0,0
276,2018-01,0,0,0,0
277,2018-02,0,0,0,0
278,2018-03,0,0,0,0
279,2018-04,0,0,0,0
280,2018-05,0,0,0,0
281,2018-06,0,0,0,0
282,2018-07,0,0,0,0
283,2018-08,0,0,0,0
284,2018-09,0,0,0,0
285,2018-10,0,0,0,0
286,2018-11,0,0,0,0
287,2018-12,0,0,0,0
288,2019-01,0,0,0,0
289,2019-02,0,0,0,0
290,2019-03,0,0,0,0
291,2019-04,0,0,0,0
292,2019-05,0,0,0,0
293,2019-06,0,0,0,0
294,2019-07,0,0,0,0
295,2019-08,0,0,0,0
296,2019-09,0,0,0,0
297,2019-10,0,0,0,0
298,2019-11,0,0,0,0
299,2019-12,0,0,0,0
300,2020-01,0,0,0,0
301,2020-02,0,0,0,0
302,2020-03,0,0,0,0
303,2020-04,0,0,0,0
304,2020-05,0,0,0,0
305,2020-06,0,0,0,0
306,2020-07,0,0,0,0
307,2020-08,0,0,0,0
308,2020-09,0,0,0,0
309,2020-10,0,0,0,0
310,2020-11,0,0,0,0
311,2020-12,0,0,0,0
312,2021-01,0,0,0,0
313,2021-02,0,0,0,0
314,2021-03,0,0,0,0
315,2021-04,0,0,0,0
316,2021-05,0,0,0,0
317,2021-06,0,0,0,0
318,2021-07,0,0,0,0
319,2021-08,0,0,0,0
320,2021-09,0,0,0,0
321,2021-10,0,0,0,0
322,2021-11,0,0,0,0
323,2021-12,0,0,0,0
324,2022-01,0,0,0,0
325,2022-02,0,0,0,0
326,2022-03,0,0,0,0
327,2022-04,0,0,0,0
328,2022-05,0,0,0,0
329,2022-06,0,0,0,0
330,2022-07,0,0,0,0
331,2022-08,0,0,0,0
332,2022-09,0,0,0,0
333,2022-10,0,0,1,0
334,2022-11,1,0,0,0
335,2022-12,0,0,0,0
336,2023-01,0,0,0,0
337,2023-02,0,0,0,0
338,2023-03,0,0,0,0
339,2023-04,0,0,0,0
340,2023-05,0,0,0,0
341,2023-06,0,0,0,0
342,2023-07,0,0,0,0
343,2023-08,0,0,0,0
344,2023-09,0,0,0,0
345,2023-10,0,0,0,0
346,2023-11,0,0,0,0
347,2023-12,0,0,0,0
348,2024-01,0,0,0,0
349,2024-02,0,0,0,0
350,2024-03,0,0,0,1
351,2024-04,0,1,0,0
352,2024-05,0,0,0,0
353,2024-06,0,0,0,0
354,2024-07,0,0,0,0
355,2024-08,0,0,0,0
356,2024-09,0,0,0,0
357,2024-10,0,0,0,0
358,2024-11,0,0,0,0
359,2024-12,0,0,0,0
360,2025-01,0,0,0,5
361,2025-02,0,5,0,0
362,2025-03,0,0,0,1
363,2025-04,0,1,0,1
364,2025-05,0,1,0,0
365,2025-06,0,0,0,0
366,2025-07,0,0,0,0
367,2025-08,0,0,0,0
368,2025-09,0,0,0,0
369,2025-10,0,0,0,0
370,2025-11,0,0,0,0
371,2025-12,0,0,0,1
